﻿<?xml version="1.0" encoding="utf-8"?>
<!--
  ==============================================================================================
	Copyright (c) Microsoft Corporation.  All rights reserved.
		
	File:		Variable
	
	Purpose:	PDT Scenario file 
					
    Version: 	2.65.1.0.0

    
 ==============================================================================================
 .SYNOPSIS
	PDT Scenario file
  
 .DESCRIPTION
	This scenario file deploys the following roles

	•     Microsoft System Center 2012 R2 - Virtual Machine Manager
	•     Microsoft System Center 2012 R2 - Orchestrator
	•     Microsoft System Center 2012 R2 - Service Provider Foundation
	•     Microsoft System Center 2012 R2 - Service Management Automation
	•     Microsoft System Center 2012 R2 - Operations Manager
	•     Microsoft System Center 2012 R2 - Service Manager
	•     Microsoft System Center 2012 R2 - Service Reporting
	•     Windows Azure Pack 2013 
	•     Windows Azure Pack 2013 – Web Sites
	•     Windows Azure Pack 2013 – SQL Cloud
	•     Windows Azure Pack 2013 – VM Clouds
	•     Windows Azure Pack 2013 – Usage Integration


 .EXAMPLE
	Default: 
		Variable.xml
		
 .Note
	SM03 is required to be a Generation 1 VM since it is running Windows 2008 R2
 ==============================================================================================
-->
<Installer version="2.0">
  <Variable Name="RegisteredUser" Value="Contoso Corporation" />
  <Variable Name="RegisteredOrganization" Value="Contoso Corporation" />
  <Variable Name="InstallerServiceAccount" Value="CONTOSO\Installer" />
  <Variable Name="InstallerServiceAccountPassword" Value="P@ssw0rd" />
  <Variable Name="SourcePath" Value="$SystemDrive\Installer" />
  <Variable Name="Download" Value="C:\Installer2620" />
  <Variable Name="SystemCenter2012ProductKey" Value="" />
  <Variable Name="SQLServer2012ProductKey" Value="" />
  <Variable Name="SQLServer2014ProductKey" Value="" />
  <Variable Name="DebugPS"  Value="True" />
  <Components>
     <Component Name="System Center 2012 R2 Virtual Machine Manager">
      <Variable Name="SystemCenter2012R2VirtualMachineManagerAdminGroup" Value="CONTOSO\VMM-Admins" />
      <Variable Name="SystemCenter2012R2VirtualMachineManagerServerAdminGroup" Value="CONTOSO\VMM-LocalAdmins" />
      <Variable Name="SystemCenter2012R2VirtualMachineManagerAGMembers" Value="CONTOSO\VMM-SVC;Contoso\SCOM-ACTION;Contoso\SCO-SVC;Contoso\SQL-SVC;Contoso\Installer" />
      <Variable Name="SystemCenter2012R2VirtualMachineManagerBitsTcpPort" Value="443" />
      <Variable Name="SystemCenter2012R2VirtualMachineManagerServiceAccount" Value="CONTOSO\VMM-SVC" />
      <Variable Name="SystemCenter2012R2VirtualMachineManagerServiceAccountPassword" Value="P@ssw0rd" />
    </Component>
    <Component Name="System Center 2012 R2 Service Provider Foundation">
      <Variable Name="SystemCenter2012R2ServiceProviderFoundationServerAdminGroup" Value="CONTOSO\SPF-LocalAdmins" />
      <Variable Name="SystemCenter2012R2ServiceProviderFoundationAGMembers" Value="CONTOSO\SPF-SVC;Contoso\SCOM-ACTION;Contoso\Installer" />
      <Variable Name="SystemCenter2012R2ServiceProviderFoundationSCVMMServiceAccount" Value="CONTOSO\SPF-SVC" />
      <Variable Name="SystemCenter2012R2ServiceProviderFoundationSCVMMServiceAccountPassword" Value="P@ssw0rd" />
      <Variable Name="SystemCenter2012R2ServiceProviderFoundationVMMSecurityGroupUsers" Value="CONTOSO\SPF-Admins" />
      <Variable Name="SystemCenter2012R2ServiceProviderFoundationSCAdminServiceAccount" Value="CONTOSO\SPF-SVC" />
      <Variable Name="SystemCenter2012R2ServiceProviderFoundationSCAdminServiceAccountPassword" Value="P@ssw0rd" />
      <Variable Name="SystemCenter2012R2ServiceProviderFoundationAdminSecurityGroupUsers" Value="CONTOSO\SPF-Admins" />
      <Variable Name="SystemCenter2012R2ServiceProviderFoundationSCProviderServiceAccount" Value="CONTOSO\SPF-SVC" />
      <Variable Name="SystemCenter2012R2ServiceProviderFoundationSCProviderServiceAccountPassword" Value="P@ssw0rd" />
      <Variable Name="SystemCenter2012R2ServiceProviderFoundationProviderSecurityGroupUsers" Value="CONTOSO\SPF-Admins" />
      <Variable Name="SystemCenter2012R2ServiceProviderFoundationSCUsageServiceAccount" Value="CONTOSO\SPF-SVC" />
      <Variable Name="SystemCenter2012R2ServiceProviderFoundationSCUsageServiceAccountPassword" Value="P@ssw0rd" />
      <Variable Name="SystemCenter2012R2ServiceProviderFoundationUsageSecurityGroupUsers" Value="CONTOSO\SPF-Admins" />
    </Component>
    <Component Name="System Center 2012 R2 Orchestrator">
      <Variable Name="SystemCenter2012R2OrchestratorAdminGroup" Value="CONTOSO\SCO-Admins" />
      <Variable Name="SystemCenter2012R2OrchestratorServerAdminGroup" Value="CONTOSO\SCO-LocalAdmins" />
      <Variable Name="SystemCenter2012R2OrchestratorAGMembers" Value="CONTOSO\SCO-SVC;Contoso\SCOM-ACTION;Contoso\Installer" />
      <Variable Name="SystemCenter2012R2OrchestratorServiceAccount" Value="CONTOSO\SCO-SVC" />
      <Variable Name="SystemCenter2012R2OrchestratorServiceAccountPassword" Value="P@ssw0rd" />
    </Component>
    <Component Name="System Center 2012 R2 Operations Manager">
      <Variable Name="SystemCenter2012R2OperationsManagerAdminGroup" Value="CONTOSO\SCOM-Admins"/>
      <Variable Name="SystemCenter2012R2OperationsManagerServerAdminGroup" Value="CONTOSO\SCOM-LocalAdmins" />
      <Variable Name="SystemCenter2012R2OperationsManagerAGMembers" Value="CONTOSO\SCOM-SVC;Contoso\SCOM-ACTION;Contoso\VMM-SVC;Contoso\SCO-SVC;Contoso\SQL-SVC;Contoso\SQL-Admins;Contoso\Installer" />
      <Variable Name="SystemCenter2012R2OperationsManagerManagementGroupName" Value="DEMO_SCOM_2012_R2"/>
      <Variable Name="SystemCenter2012R2OperationsManagerActionServiceAccount" Value="CONTOSO\SCOM-ACTION"/>
      <Variable Name="SystemCenter2012R2OperationsManagerActionServiceAccountPassword" Value="P@ssw0rd" />
      <Variable Name="SystemCenter2012R2OperationsManagerDASServiceAccount" Value="CONTOSO\SCOM-SVC"/>
      <Variable Name="SystemCenter2012R2OperationsManagerDASServiceAccountPassword" Value="P@ssw0rd" />
      <Variable Name="SystemCenter2012R2OperationsManagerDataReaderServiceAccount" Value="CONTOSO\SCOM-DR"/>
      <Variable Name="SystemCenter2012R2OperationsManagerDataReaderServiceAccountPassword" Value="P@ssw0rd"/>
      <Variable Name="SystemCenter2012R2OperationsManagerDataWriterServiceAccount" Value="CONTOSO\SCOM-DW"/>
      <Variable Name="SystemCenter2012R2OperationsManagerDataWriterServiceAccountPassword" Value="P@ssw0rd"/>
    </Component>
    <Component Name="System Center 2012 R2 Service Manager">
      <Variable Name="SystemCenter2012R2ServiceManagerAdminRoleGroup" Value="CONTOSO\SCSM-Admins"/>
      <Variable Name="SystemCenter2012R2ServiceManagerServerAdminGroup" Value="CONTOSO\SCSM-LocalAdmins" />
      <Variable Name="SystemCenter2012R2ServiceManagerAGMembers" Value="CONTOSO\SCSM-SVC;Contoso\SCSM-WF;Contoso\SCO-SVC;Contoso\SQL-SVC;Contoso\SCOM-ACTION;Contoso\Installer" />
      <Variable Name="SystemCenter2012R2ServiceManagerServicesServiceAccount" Value="CONTOSO\SCSM-SVC" />
      <Variable Name="SystemCenter2012R2ServiceManagerServicesServiceAccountPassword" Value="P@ssw0rd" />
      <Variable Name="SystemCenter2012R2ServiceManagerWorkflowServiceAccount" Value="CONTOSO\SCSM-WF" />
      <Variable Name="SystemCenter2012R2ServiceManagerWorkflowServiceAccountPassword" Value="P@ssw0rd" />
      <Variable Name="SystemCenter2012R2ServiceManagerReportingServiceAccount" Value="CONTOSO\SCSM-SSRS" />
      <Variable Name="SystemCenter2012R2ServiceManagerReportingServiceAccountPassword" Value="P@ssw0rd" />
      <Variable Name="SystemCenter2012R2ServiceManagerAnalysisServiceAccount" Value="CONTOSO\SCSM-OLAP" />
      <Variable Name="SystemCenter2012R2ServiceManagerAnalysisServiceAccountPassword" Value="P@ssw0rd" />
      <Variable Name="SystemCenter2012R2ServiceManagerPortalServiceAccount" Value="CONTOSO\SCSM-Portal" />
      <Variable Name="SystemCenter2012R2ServiceManagerPortalServiceAccountPassword" Value="P@ssw0rd" />
      <Variable Name="SystemCenter2012R2ServiceManagerManagementGroupName" Value="SM_Contoso"/>
      <Variable Name="SystemCenter2012R2ServiceManagerDatawarehouseManagementGroupName" Value="DW_Contoso"/>
      <Variable Name="SystemCenter2012R2ServiceManagerPortalUsers" Value="CONTOSO\Domain Users"/>
    </Component>
    <Component Name="System Center 2012 R2 Service Reporting">
      <Variable Name="SystemCenter2012R2ServiceReportingServerAdminGroup" Value="CONTOSO\SR-LocalAdmins" />
      <Variable Name="SystemCenter2012R2ServiceReportingAGMembers" Value="Contoso\SCOM-ACTION;Contoso\Installer" />
      <Variable Name="SystemCenter2012R2ServiceReportingInstallFolder" Value="$SystemDrive\Program Files\Microsoft System Center 2012 R2\Service Reporting" />
      <Variable Name="SystemCenter2012R2ServiceReportingRepositoryDatabaseName" Value="UsageETLRepositoryDB" />
      <Variable Name="SystemCenter2012R2ServiceReportingStagingDatabaseName" Value="UsageStagingDB" />
      <Variable Name="SystemCenter2012R2ServiceReportingDWDatabaseName" Value="UsageDatawarehouseDB" />
      <Variable Name="SystemCenter2012R2ServiceReportingAnalysisDatabaseName" Value="UsageAnalysisDB" />
    </Component>
    <Component Name="System Center 2012 R2 Service Management Automation">
      <Variable Name="SystemCenter2012R2ServiceManagementAutomationAdminGroup" Value="CONTOSO\SMA-Admins" />
      <Variable Name="SystemCenter2012R2ServiceManagementAutomationServerAdminGroup" Value="CONTOSO\SMA-LocalAdmins" />
      <Variable Name="SystemCenter2012R2ServiceManagementAutomationAGMembers" Value="CONTOSO\SMA-SVC;Contoso\SCOM-ACTION;Contoso\Installer" />
      <Variable Name="SystemCenter2012R2ServiceManagementAutomationServiceAccount" Value="CONTOSO\SMA-SVC" />
      <Variable Name="SystemCenter2012R2ServiceManagementAutomationServiceAccountPassword" Value="P@ssw0rd" />
    </Component>
    <Component Name="Windows Azure Pack 2013">
      <Variable Name="WindowsAzurePack2013AdminGroup" Value="CONTOSO\WAP-Admins" />
      <Variable Name="WindowsAzurePack2013ServerAdminGroup" Value="CONTOSO\WAP-LocalAdmins" />
      <Variable Name="WindowsAzurePack2013AGMembers" Value="Contoso\SCOM-ACTION;Contoso\Installer" />	  
      <Variable Name="WindowsAzurePack2013ConfigStorePassphrase" Value="P@ssw0rd" />
    </Component>
    <Component Name="Windows Azure Pack 2013 Web Sites">
      <Variable Name="WindowsAzurePack2013WebSitesServerAdminGroup" Value="Contoso\WAPWEB-LocalAdmins" />
      <Variable Name="WindowsAzurePack2013WebSitesAGMembers" Value="Contoso\WAPWEB-SVC;Contoso\SCOM-ACTION;Contoso\SQL-SVC;Contoso\WAPWEB-FSO-SVC;Contoso\WAPWEB-FSU-SVC;Contoso\WAPWEB-CSU-SVC;Contoso\WAPWEB-PB-SVC;Contoso\WAPWEB-MN-SVC;Contoso\WAPWEB-FE-SVC;Contoso\WAPWEB-WW-SVC;Contoso\Installer" />	  
      <Variable Name="WindowsAzurePack2013WebSitesOfflineFeed" Value="True" />
      <Variable Name="WindowsAzurePack2013WebSitesCloudAdmin" Value="CloudAdmin" />
      <Variable Name="WindowsAzurePack2013WebSitesCloudAdminPassword" Value="P@ssw0rd" />
      <Variable Name="WindowsAzurePack2013WebSitesDNSSuffix" Value="websites.Contoso.com" />
      <Variable Name="WindowsAzurePack2013WebSitesFileServerAdminServiceAccount" Value="Contoso\WAPWEB-SVC" />
      <Variable Name="WindowsAzurePack2013WebSitesFileServerAdminServiceAccountPassword" Value="P@ssw0rd" />
      <Variable Name="WindowsAzurePack2013WebSitesFileShareOwnerServiceAccount" Value="Contoso\WAPWEB-FSO-SVC" />
      <Variable Name="WindowsAzurePack2013WebSitesFileShareOwnerServiceAccountPassword" Value="P@ssw0rd" />
      <Variable Name="WindowsAzurePack2013WebSitesFileShareUserServiceAccount" Value="Contoso\WAPWEB-FSU-SVC" />
      <Variable Name="WindowsAzurePack2013WebSitesFileShareUserServiceAccountPassword" Value="P@ssw0rd" />
      <Variable Name="WindowsAzurePack2013WebSitesCertificateShareUserServiceAccount" Value="Contoso\WAPWEB-CSU-SVC" />
      <Variable Name="WindowsAzurePack2013WebSitesCertificateShareUserServiceAccountPassword" Value="P@ssw0rd" />
      <Variable Name="WindowsAzurePack2013WebSitesContentShareName" Value="WebSites" />
      <Variable Name="WindowsAzurePack2013WebSitesContentSharePath" Value="$SystemDrive\WebSites" />
      <Variable Name="WindowsAzurePack2013WebSitesCertificateShareName" Value="Certificates" />
      <Variable Name="WindowsAzurePack2013WebSitesCertificateSharePath" Value="$SystemDrive\Certificates" />
      <Variable Name="WindowsAzurePack2013WebSitesManagementServerAdminServiceAccount" Value="Contoso\WAPWEB-MN-SVC" />
      <Variable Name="WindowsAzurePack2013WebSitesManagementServerAdminServiceAccountPassword" Value="P@ssw0rd" />
      <Variable Name="WindowsAzurePack2013WebSitesPublisherAdminServiceAccount" Value="Contoso\WAPWEB-PB-SVC" />
      <Variable Name="WindowsAzurePack2013WebSitesPublisherAdminServiceAccountPassword" Value="P@ssw0rd" />
      <Variable Name="WindowsAzurePack2013WebSitesFrontEndAdminServiceAccount" Value="Contoso\WAPWEB-FE-SVC" />
      <Variable Name="WindowsAzurePack2013WebSitesFrontEndAdminServiceAccountPassword" Value="P@ssw0rd" />
      <Variable Name="WindowsAzurePack2013WebSitesWorkerAdminServiceAccount" Value="Contoso\WAPWEB-WW-SVC" />
      <Variable Name="WindowsAzurePack2013WebSitesWorkerAdminServiceAccountPassword" Value="P@ssw0rd" />
    </Component>
    <Component Name="SQL Server 2012">
      <Variable Name="SQLServer2012ServerAdminGroup" Value="Contoso\SQL-LocalAdmins" />
      <Variable Name="SQLServer2012AGMembers" Value="Contoso\SQL-SVC;Contoso\SCOM-ACTION;Contoso\SCSM-SVC;Contoso\SCSM-WF;Contoso\VMM-SVC;Contoso\SCSM-OLAP;Contoso\SCSM-SSRS;Contoso\VMM01A$;Contoso\VMM01B$;Contoso\Installer" />	  
    </Component>
    <Component Name="SQL Server 2014">
      <Variable Name="SQLServer2014ServerAdminGroup" Value="Contoso\SQL-LocalAdmins" />
      <Variable Name="SQLServer2014AGMembers" Value="Contoso\SQL-SVC;Contoso\SCOM-ACTION;Contoso\SCSM-SVC;Contoso\SCSM-WF;Contoso\VMM-SVC;Contoso\SCSM-OLAP;Contoso\SCSM-SSRS;Contoso\VMM01A$;Contoso\VMM01B$;Contoso\Installer" />	  
    </Component>
    <Component Name="Windows Azure Pack 2013 SQL Cloud">
      <Variable Name="WindowsAzurePack2013SQLCloudServerAdminGroup" Value="Contoso\SQLCloud-LocalAdmins"/>
      <Variable Name="WindowsAzurePack2013SQLCloudAGMembers" Value="Contoso\SQL-SVC;Contoso\SCOM-ACTION" />	  
      <Variable Name="WindowsAzurePack2013SQLCloudTotalSpaceMB" Value="10000" />
    </Component>
  </Components>
  <Roles>
    <Role Name="System Center 2012 R2 Operations Manager Database Server" Server="DB01.CONTOSO.com" Instance="MSSQLSERVER" />
    <Role Name="System Center 2012 R2 Operations Manager Datawarehouse Server" Server="DB01.contoso.com" Instance="MSSQLSERVER" /> 
    <Role Name="System Center 2012 R2 Operations Manager Reporting Server" Server="DB01.CONTOSO.com" Instance="MSSQLSERVER" /> 
    <Role Name="SQL Server 2014 Management Tools" Server="DB01.Contoso.com" />     
    <Role Name="System Center 2012 R2 Operations Manager Management Server" Server="OM01.contoso.com"/>
    <Role Name="System Center 2012 R2 Operations Manager Web Console Server" Server="OM01.contoso.com"/>
	<Role Name="System Center 2012 R2 Operations Manager Console" Server="OM01.contoso.com"/>
  	</Roles>
  <SQL>
     <Instance Server="DB01.contoso.com" Instance="MSSQLSERVER" Version="SQL Server 2014">
      <Variable Name="SQLAdmins" Value="CONTOSO\SQL-Admins" />
      <Variable Name="SQLInstallSQLDataDir" Value="D:\Program Files\Microsoft SQL Server"/>
      <Variable Name="SQLUserDBDir" Value="D:\Program Files\Microsoft SQL Server\MSSQL12.$Instance\MSSQL\Data"/>
      <Variable Name="SQLUserDBLogDir" Value="E:\Program Files\Microsoft SQL Server\MSSQL12.$Instance\MSSQL\Data"/>
      <Variable Name="SQLTempDBDir" Value="F:\Program Files\Microsoft SQL Server\MSSQL12.$Instance\MSSQL\Data"/>
      <Variable Name="SQLTempDBLogDir" Value="F:\Program Files\Microsoft SQL Server\MSSQL12.$Instance\MSSQL\Data"/>
      <Variable Name="SQLAgtServiceAccount" Value="CONTOSO\SQL-SVC" />
      <Variable Name="SQLAgtServiceAccountPassword" Value="P@ssw0rd" />
      <Variable Name="SQLServiceAccount" Value="CONTOSO\SQL-SVC" />
      <Variable Name="SQLServiceAccountPassword" Value="P@ssw0rd" />
	  <Variable Name="SQLSAPassword" Value="P@ssw0rd" />
    </Instance>
  </SQL>
  <VMs>
    <Count>3</Count>
    <Domain>
      <Name>CONTOSO.com</Name>
      <ServiceAccountOU>Services.HQ</ServiceAccountOU>
      <GroupOU>Groups.HQ</GroupOU>
      <Existing>False</Existing>
    </Domain>
    <Default>
      <Host>Localhost</Host>
      <VMFolder>C:\HYPER-V\VM</VMFolder>
      <VHDFolder>C:\HYPER-V\VM</VHDFolder>
	  <SharedVHDXFolder>C:\HYPER-V\VHD</SharedVHDXFolder>
      <VMName>
        <Prefix>WS12R2D</Prefix>
        <Sequence>1</Sequence>
      </VMName>
      <Processor>2</Processor>
      <Memory>
        <Startup>768</Startup>
        <Minimum>512</Minimum>
        <Maximum>2048</Maximum>
        <Buffer>20</Buffer>
      </Memory>
      <NetworkAdapter>
	    <VirtualSwitch>CorpNet1</VirtualSwitch>
		<VirtualSwitchType>INTERNAL</VirtualSwitchType>
        <IP>
          <Prefix>192.168.1.</Prefix>
          <Sequence>4</Sequence>
          <Mask>24</Mask>
          <Gateway>192.168.1.1</Gateway>
          <DNS>192.168.1.4</DNS>
        </IP>
      </NetworkAdapter>
      <OSDisk>
        <Parent>C:\HYPER-V\VHD\WS12R2D.vhdx</Parent>
        <Type>Differencing</Type>
      </OSDisk>
      <DVD>False</DVD>
      <AutoStart>
        <Action>Nothing</Action>
        <Delay>0</Delay>
      </AutoStart>
	  <Autostop>TurnOff</Autostop>
      <JoinDomain>
        <Domain>contoso.com</Domain>
	    <PrimaryDC>DC01.contoso.com</PrimaryDC>
        <Credentials>
          <Domain>contoso.com</Domain>
          <Password>P@ssw0rd</Password>
          <Username>Administrator</Username>
        </Credentials>
        <OrganizationalUnit>Servers.HQ</OrganizationalUnit>
      </JoinDomain>
      <AdministratorPassword>P@ssw0rd</AdministratorPassword>
    </Default>
    <VM Count="1">
      <VMName>DC01</VMName>
    </VM>
    <VM Count="2">
      <VMName>DB01</VMName>
      <Memory>
        <Startup>2048</Startup>
        <Minimum>1024</Minimum>
        <Maximum>4096</Maximum>
        <Buffer>5</Buffer>
      </Memory>
	  <DataDisks>
        <Count>3</Count>
        <Format>VHDX</Format>
        <Size>200</Size>
      </DataDisks>
    </VM>
    <VM Count="3">
      <VMName>OM01</VMName>
      <Memory>
        <Startup>2048</Startup>
        <Minimum>2048</Minimum>
        <Maximum>4096</Maximum>
        <Buffer>20</Buffer>
      </Memory>
    </VM>
  </VMs>
</Installer>